{"cameraMode":{"drawMode":0,"name":"Shaded","section":"Shading Mode"},"sceneLighting":false,"audioPlay":false,"sceneViewState":{"showFog":true,"showMaterialUpdate":false,"showSkybox":true,"showFlares":true,"showImageEffects":true,"showParticleSystems":true},"in2DMode":false,"pivot":{"x":-84.70247650146485,"y":-15.680381774902344,"z":8.875967025756836},"rotation":{"x":0.15682685375213624,"y":-0.7273894548416138,"z":0.17708979547023774,"w":0.6441655158996582},"size":5.98878288269043,"orthographic":false}