{"cameraMode":{"drawMode":0,"name":"Shaded","section":"Shading Mode"},"sceneLighting":false,"audioPlay":false,"sceneViewState":{"showFog":true,"showMaterialUpdate":false,"showSkybox":true,"showFlares":true,"showImageEffects":true,"showParticleSystems":true},"in2DMode":false,"pivot":{"x":443.6837463378906,"y":328.3739318847656,"z":526.8462524414063},"rotation":{"x":0.0805463045835495,"y":0.4756530821323395,"z":-0.04379324987530708,"w":0.8748420476913452},"size":-4.058341026306152,"orthographic":false}