{"cameraMode":{"drawMode":0,"name":"Shaded","section":"Shading Mode"},"sceneLighting":false,"audioPlay":false,"sceneViewState":{"showFog":true,"showMaterialUpdate":false,"showSkybox":true,"showFlares":true,"showImageEffects":true,"showParticleSystems":true},"in2DMode":false,"pivot":{"x":238.83441162109376,"y":-215.9032745361328,"z":334.7461853027344},"rotation":{"x":-0.23879984021186829,"y":-0.3265848159790039,"z":0.08565541356801987,"w":-0.9104835391044617},"size":782.3253173828125,"orthographic":false}