{"cameraMode":{"drawMode":0,"name":"Shaded","section":"Shading Mode"},"sceneLighting":false,"audioPlay":false,"sceneViewState":{"showFog":true,"showMaterialUpdate":false,"showSkybox":true,"showFlares":true,"showImageEffects":true,"showParticleSystems":true},"in2DMode":false,"pivot":{"x":45.019229888916019,"y":3.7787024974823,"z":-55.631561279296878},"rotation":{"x":-0.06915710121393204,"y":-0.7130614519119263,"z":0.07104982435703278,"w":-0.6940551996231079},"size":166.4022216796875,"orthographic":false}