{"cameraMode":{"drawMode":0,"name":"Shaded","section":"Shading Mode"},"sceneLighting":false,"audioPlay":false,"sceneViewState":{"showFog":true,"showMaterialUpdate":false,"showSkybox":true,"showFlares":true,"showImageEffects":true,"showParticleSystems":true},"in2DMode":false,"pivot":{"x":462.063720703125,"y":325.16619873046877,"z":535.9471435546875},"rotation":{"x":0.04366854950785637,"y":-0.07635726779699326,"z":0.003347303718328476,"w":0.9961182475090027},"size":5.98641300201416,"orthographic":false}