{"cameraMode":{"drawMode":0,"name":"Shaded","section":"Shading Mode"},"sceneLighting":false,"audioPlay":false,"sceneViewState":{"showFog":true,"showMaterialUpdate":false,"showSkybox":true,"showFlares":true,"showImageEffects":true,"showParticleSystems":true},"in2DMode":false,"pivot":{"x":-431.9679870605469,"y":28.886798858642579,"z":-262.2874450683594},"rotation":{"x":0.044303905218839648,"y":0.8024120330810547,"z":0.060040563344955447,"w":-0.5920871496200562},"size":20.9227237701416,"orthographic":false}