{"cameraMode":{"drawMode":0,"name":"Shaded","section":"Shading Mode"},"sceneLighting":true,"audioPlay":false,"sceneViewState":{"showFog":true,"showMaterialUpdate":false,"showSkybox":true,"showFlares":true,"showImageEffects":true,"showParticleSystems":true},"in2DMode":false,"pivot":{"x":520.5372314453125,"y":280.08001708984377,"z":48.54931640625},"rotation":{"x":-0.007190002594143152,"y":-0.007504007779061794,"z":-0.00005388592398958281,"w":0.9999460577964783},"size":534.0060424804688,"orthographic":false}