{"cameraMode":{"drawMode":0,"name":"Shaded","section":"Shading Mode"},"sceneLighting":false,"audioPlay":false,"sceneViewState":{"showFog":true,"showMaterialUpdate":false,"showSkybox":true,"showFlares":true,"showImageEffects":true,"showParticleSystems":true},"in2DMode":false,"pivot":{"x":24.154232025146486,"y":-20.540088653564454,"z":175.82366943359376},"rotation":{"x":-0.067624032497406,"y":-0.1446467787027359,"z":0.009909159503877163,"w":-0.9871201515197754},"size":244.0897674560547,"orthographic":false}