{"cameraMode":{"drawMode":0,"name":"Shaded","section":"Shading Mode"},"sceneLighting":false,"audioPlay":false,"sceneViewState":{"showFog":true,"showMaterialUpdate":false,"showSkybox":true,"showFlares":true,"showImageEffects":true,"showParticleSystems":true},"in2DMode":false,"pivot":{"x":55.15989685058594,"y":-109.78656768798828,"z":-120.72900390625},"rotation":{"x":-0.21108919382095338,"y":-0.7512274384498596,"z":0.28482335805892947,"w":-0.556753396987915},"size":244.0897674560547,"orthographic":false}