{"cameraMode":{"drawMode":0,"name":"Shaded","section":"Shading Mode"},"sceneLighting":false,"audioPlay":false,"sceneViewState":{"showFog":true,"showMaterialUpdate":false,"showSkybox":true,"showFlares":true,"showImageEffects":true,"showParticleSystems":true},"in2DMode":false,"pivot":{"x":-0.8247966170310974,"y":-0.1847618818283081,"z":0.15966388583183289},"rotation":{"x":0.06695881485939026,"y":-0.6113764643669128,"z":0.05203090235590935,"w":0.7867834568023682},"size":1.7289419174194337,"orthographic":false}