{"cameraMode":{"drawMode":0,"name":"Shaded","section":"Shading Mode"},"sceneLighting":false,"audioPlay":false,"sceneViewState":{"showFog":true,"showMaterialUpdate":false,"showSkybox":true,"showFlares":true,"showImageEffects":true,"showParticleSystems":true},"in2DMode":false,"pivot":{"x":122.54634094238281,"y":-69.1128158569336,"z":6.006094455718994},"rotation":{"x":-0.1473504602909088,"y":-0.6927844882011414,"z":0.14788642525672913,"w":-0.6902660727500916},"size":214.525390625,"orthographic":false}