{"cameraMode":{"drawMode":0,"name":"Shaded","section":"Shading Mode"},"sceneLighting":false,"audioPlay":false,"sceneViewState":{"showFog":true,"showMaterialUpdate":false,"showSkybox":true,"showFlares":true,"showImageEffects":true,"showParticleSystems":true},"in2DMode":false,"pivot":{"x":0.10595393180847168,"y":-0.10616128146648407,"z":0.5058631896972656},"rotation":{"x":0.12901009619235993,"y":-0.7091479897499085,"z":0.13454580307006837,"w":0.679972767829895},"size":3.6408209800720217,"orthographic":true}