{"cameraMode":{"drawMode":0,"name":"Shaded","section":"Shading Mode"},"sceneLighting":true,"audioPlay":false,"sceneViewState":{"showFog":true,"showMaterialUpdate":false,"showSkybox":true,"showFlares":true,"showImageEffects":true,"showParticleSystems":true},"in2DMode":false,"pivot":{"x":-169.31790161132813,"y":-57.40583038330078,"z":-33.162864685058597},"rotation":{"x":-0.09617934376001358,"y":0.7647457718849182,"z":-0.11746146529912949,"w":-0.6261918544769287},"size":231.72557067871095,"orthographic":false}